label,generator,file,has_exif,num_fields,Make,Model,Software,DateTime,GPSInfo
real,ADM,ILSVRC2012_val_00020891.JPEG,False,0,,,,,
real,ADM,ILSVRC2012_val_00049896.JPEG,False,0,,,,,
real,ADM,ILSVRC2012_val_00002108.JPEG,False,0,,,,,
real,ADM,ILSVRC2012_val_00000112.JPEG,False,0,,,,,
real,ADM,ILSVRC2012_val_00006336.JPEG,False,0,,,,,
real,ADM,ILSVRC2012_val_00018062.JPEG,False,0,,,,,
real,ADM,ILSVRC2012_val_00039068.JPEG,False,0,,,,,
real,ADM,ILSVRC2012_val_00003846.JPEG,False,0,,,,,
real,ADM,ILSVRC2012_val_00015097.JPEG,False,0,,,,,
real,ADM,ILSVRC2012_val_00008988.JPEG,False,0,,,,,
real,ADM,ILSVRC2012_val_00001067.JPEG,False,0,,,,,
real,ADM,ILSVRC2012_val_00047946.JPEG,False,0,,,,,
real,ADM,ILSVRC2012_val_00015226.JPEG,False,0,,,,,
real,ADM,ILSVRC2012_val_00008122.JPEG,False,0,,,,,
real,ADM,ILSVRC2012_val_00022175.JPEG,False,0,,,,,
real,ADM,ILSVRC2012_val_00003449.JPEG,False,0,,,,,
real,ADM,ILSVRC2012_val_00012840.JPEG,True,54,NIKON CORPORATION,NIKON D300,Adobe Photoshop CS3 Macintosh,2008:12:23 14:29:43,
real,ADM,ILSVRC2012_val_00039882.JPEG,False,0,,,,,
real,ADM,ILSVRC2012_val_00036006.JPEG,False,0,,,,,
real,ADM,ILSVRC2012_val_00024515.JPEG,False,0,,,,,
real,ADM,ILSVRC2012_val_00040521.JPEG,False,0,,,,,
real,ADM,ILSVRC2012_val_00002614.JPEG,False,0,,,,,
real,ADM,ILSVRC2012_val_00049964.JPEG,False,0,,,,,
real,ADM,ILSVRC2012_val_00032887.JPEG,False,0,,,,,
real,ADM,ILSVRC2012_val_00003080.JPEG,False,0,,,,,
real,ADM,ILSVRC2012_val_00032078.JPEG,False,0,,,,,
real,ADM,ILSVRC2012_val_00049457.JPEG,False,0,,,,,
real,ADM,ILSVRC2012_val_00032485.JPEG,False,0,,,,,
real,ADM,ILSVRC2012_val_00021596.JPEG,False,0,,,,,
real,ADM,ILSVRC2012_val_00030589.JPEG,False,0,,,,,
real,ADM,ILSVRC2012_val_00015591.JPEG,False,0,,,,,
real,ADM,ILSVRC2012_val_00038080.JPEG,False,0,,,,,
real,ADM,ILSVRC2012_val_00044323.JPEG,False,0,,,,,
real,ADM,ILSVRC2012_val_00012902.JPEG,False,0,,,,,
real,ADM,ILSVRC2012_val_00048823.JPEG,False,0,,,,,
real,ADM,ILSVRC2012_val_00015385.JPEG,False,0,,,,,
real,ADM,ILSVRC2012_val_00018389.JPEG,False,0,,,,,
real,ADM,ILSVRC2012_val_00012437.JPEG,False,0,,,,,
real,ADM,ILSVRC2012_val_00031306.JPEG,False,0,,,,,
real,ADM,ILSVRC2012_val_00020794.JPEG,False,0,,,,,
real,ADM,ILSVRC2012_val_00002482.JPEG,False,0,,,,,
real,ADM,ILSVRC2012_val_00004536.JPEG,False,0,,,,,
real,ADM,ILSVRC2012_val_00020734.JPEG,False,0,,,,,
real,ADM,ILSVRC2012_val_00032934.JPEG,False,0,,,,,
real,ADM,ILSVRC2012_val_00000339.JPEG,False,0,,,,,
real,ADM,ILSVRC2012_val_00026416.JPEG,False,0,,,,,
real,ADM,ILSVRC2012_val_00014609.JPEG,False,0,,,,,
real,ADM,ILSVRC2012_val_00041094.JPEG,False,0,,,,,
real,ADM,ILSVRC2012_val_00049164.JPEG,False,0,,,,,
real,ADM,ILSVRC2012_val_00009217.JPEG,False,0,,,,,
real,ADM,ILSVRC2012_val_00040972.JPEG,False,0,,,,,
real,ADM,ILSVRC2012_val_00034669.JPEG,False,0,,,,,
real,ADM,ILSVRC2012_val_00048382.JPEG,False,0,,,,,
real,ADM,ILSVRC2012_val_00035952.JPEG,False,0,,,,,
real,ADM,ILSVRC2012_val_00013719.JPEG,False,0,,,,,
real,ADM,ILSVRC2012_val_00016917.JPEG,False,0,,,,,
real,ADM,ILSVRC2012_val_00010610.JPEG,False,0,,,,,
real,ADM,ILSVRC2012_val_00046213.JPEG,False,0,,,,,
real,ADM,ILSVRC2012_val_00029419.JPEG,False,0,,,,,
real,ADM,ILSVRC2012_val_00038215.JPEG,False,0,,,,,
real,ADM,ILSVRC2012_val_00026372.JPEG,False,0,,,,,
real,ADM,ILSVRC2012_val_00022442.JPEG,False,0,,,,,
real,ADM,ILSVRC2012_val_00006278.JPEG,False,0,,,,,
real,ADM,ILSVRC2012_val_00003502.JPEG,False,0,,,,,
real,ADM,ILSVRC2012_val_00043637.JPEG,False,0,,,,,
real,ADM,ILSVRC2012_val_00014833.JPEG,False,0,,,,,
real,ADM,ILSVRC2012_val_00026005.JPEG,False,0,,,,,
real,ADM,ILSVRC2012_val_00042467.JPEG,False,0,,,,,
real,ADM,ILSVRC2012_val_00009932.JPEG,False,0,,,,,
real,ADM,ILSVRC2012_val_00020264.JPEG,False,0,,,,,
real,ADM,ILSVRC2012_val_00029158.JPEG,False,0,,,,,
real,ADM,ILSVRC2012_val_00036354.JPEG,False,0,,,,,
real,ADM,ILSVRC2012_val_00022310.JPEG,False,0,,,,,
real,ADM,ILSVRC2012_val_00025900.JPEG,True,48,NIKON CORPORATION,NIKON D2X,Adobe Photoshop CS2 Windows,2006:11:05 12:54:10,
real,ADM,ILSVRC2012_val_00040045.JPEG,False,0,,,,,
real,ADM,ILSVRC2012_val_00021378.JPEG,False,0,,,,,
real,ADM,ILSVRC2012_val_00037430.JPEG,False,0,,,,,
real,ADM,ILSVRC2012_val_00049217.JPEG,False,0,,,,,
real,ADM,ILSVRC2012_val_00026368.JPEG,False,0,,,,,
real,ADM,ILSVRC2012_val_00037421.JPEG,False,0,,,,,
real,ADM,ILSVRC2012_val_00043470.JPEG,False,0,,,,,
real,ADM,ILSVRC2012_val_00015320.JPEG,False,0,,,,,
real,ADM,ILSVRC2012_val_00041989.JPEG,False,0,,,,,
real,ADM,ILSVRC2012_val_00026365.JPEG,False,0,,,,,
real,ADM,ILSVRC2012_val_00001822.JPEG,False,0,,,,,
real,ADM,ILSVRC2012_val_00027194.JPEG,False,0,,,,,
real,ADM,ILSVRC2012_val_00022624.JPEG,False,0,,,,,
real,ADM,ILSVRC2012_val_00006084.JPEG,False,0,,,,,
real,ADM,ILSVRC2012_val_00007374.JPEG,False,0,,,,,
real,ADM,ILSVRC2012_val_00037627.JPEG,False,0,,,,,
real,ADM,ILSVRC2012_val_00010491.JPEG,False,0,,,,,
real,ADM,ILSVRC2012_val_00048183.JPEG,False,0,,,,,
real,ADM,ILSVRC2012_val_00010620.JPEG,False,0,,,,,
real,ADM,ILSVRC2012_val_00012076.JPEG,False,0,,,,,
real,ADM,ILSVRC2012_val_00028610.JPEG,True,42,Canon,Canon PowerShot S3 IS,Picasa 3.0,2009:06:30 14:52:20,
real,ADM,ILSVRC2012_val_00012038.JPEG,False,0,,,,,
real,ADM,ILSVRC2012_val_00039606.JPEG,False,0,,,,,
real,ADM,ILSVRC2012_val_00011950.JPEG,False,0,,,,,
real,ADM,ILSVRC2012_val_00008740.JPEG,False,0,,,,,
real,ADM,ILSVRC2012_val_00033657.JPEG,False,0,,,,,
real,ADM,ILSVRC2012_val_00008312.JPEG,False,0,,,,,
real,ADM,ILSVRC2012_val_00031651.JPEG,False,0,,,,,
real,ADM,ILSVRC2012_val_00000095.JPEG,False,0,,,,,
real,ADM,ILSVRC2012_val_00037589.JPEG,False,0,,,,,
real,ADM,ILSVRC2012_val_00048356.JPEG,False,0,,,,,
real,ADM,ILSVRC2012_val_00027188.JPEG,False,0,,,,,
real,ADM,ILSVRC2012_val_00018040.JPEG,False,0,,,,,
real,ADM,ILSVRC2012_val_00020332.JPEG,False,0,,,,,
real,ADM,ILSVRC2012_val_00012155.JPEG,False,0,,,,,
real,ADM,ILSVRC2012_val_00027692.JPEG,False,0,,,,,
real,ADM,ILSVRC2012_val_00004563.JPEG,False,0,,,,,
real,ADM,ILSVRC2012_val_00026053.JPEG,False,0,,,,,
real,ADM,ILSVRC2012_val_00043501.JPEG,False,0,,,,,
real,ADM,ILSVRC2012_val_00001087.JPEG,False,0,,,,,
real,ADM,ILSVRC2012_val_00048264.JPEG,False,0,,,,,
real,ADM,ILSVRC2012_val_00014970.JPEG,False,0,,,,,
real,ADM,ILSVRC2012_val_00031046.JPEG,False,0,,,,,
real,ADM,ILSVRC2012_val_00011973.JPEG,False,0,,,,,
real,ADM,ILSVRC2012_val_00031726.JPEG,False,0,,,,,
real,ADM,ILSVRC2012_val_00045817.JPEG,False,0,,,,,
real,ADM,ILSVRC2012_val_00019031.JPEG,False,0,,,,,
real,ADM,ILSVRC2012_val_00023083.JPEG,False,0,,,,,
real,ADM,ILSVRC2012_val_00029222.JPEG,False,0,,,,,
real,ADM,ILSVRC2012_val_00019940.JPEG,False,0,,,,,
real,ADM,ILSVRC2012_val_00009866.JPEG,False,0,,,,,
real,ADM,ILSVRC2012_val_00029091.JPEG,False,0,,,,,
real,ADM,ILSVRC2012_val_00038532.JPEG,False,0,,,,,
real,ADM,ILSVRC2012_val_00043452.JPEG,False,0,,,,,
real,ADM,ILSVRC2012_val_00013457.JPEG,False,0,,,,,
real,ADM,ILSVRC2012_val_00003943.JPEG,False,0,,,,,
real,ADM,ILSVRC2012_val_00008098.JPEG,False,0,,,,,
real,ADM,ILSVRC2012_val_00014836.JPEG,False,0,,,,,
real,ADM,ILSVRC2012_val_00000693.JPEG,False,0,,,,,
real,ADM,ILSVRC2012_val_00048635.JPEG,False,0,,,,,
real,ADM,ILSVRC2012_val_00012077.JPEG,False,0,,,,,
real,ADM,ILSVRC2012_val_00005449.JPEG,False,0,,,,,
real,ADM,ILSVRC2012_val_00036898.JPEG,False,0,,,,,
real,ADM,ILSVRC2012_val_00017243.JPEG,False,0,,,,,
real,ADM,ILSVRC2012_val_00016066.JPEG,False,0,,,,,
real,ADM,ILSVRC2012_val_00000874.JPEG,False,0,,,,,
real,ADM,ILSVRC2012_val_00035786.JPEG,False,0,,,,,
real,ADM,ILSVRC2012_val_00017478.JPEG,False,0,,,,,
real,ADM,ILSVRC2012_val_00023320.JPEG,False,0,,,,,
real,ADM,ILSVRC2012_val_00021195.JPEG,False,0,,,,,
real,ADM,ILSVRC2012_val_00030921.JPEG,False,0,,,,,
real,ADM,ILSVRC2012_val_00040583.JPEG,False,0,,,,,
real,ADM,ILSVRC2012_val_00016476.JPEG,False,0,,,,,
real,ADM,ILSVRC2012_val_00045420.JPEG,False,0,,,,,
real,ADM,ILSVRC2012_val_00005832.JPEG,False,0,,,,,
real,ADM,ILSVRC2012_val_00021491.JPEG,False,0,,,,,
real,ADM,ILSVRC2012_val_00029768.JPEG,False,0,,,,,
real,ADM,ILSVRC2012_val_00009009.JPEG,False,0,,,,,
real,ADM,ILSVRC2012_val_00035481.JPEG,False,0,,,,,
real,ADM,ILSVRC2012_val_00021636.JPEG,False,0,,,,,
real,ADM,ILSVRC2012_val_00016504.JPEG,False,0,,,,,
real,ADM,ILSVRC2012_val_00035149.JPEG,False,0,,,,,
real,ADM,ILSVRC2012_val_00036895.JPEG,False,0,,,,,
real,ADM,ILSVRC2012_val_00013686.JPEG,False,0,,,,,
real,ADM,ILSVRC2012_val_00031429.JPEG,False,0,,,,,
real,ADM,ILSVRC2012_val_00027458.JPEG,False,0,,,,,
real,ADM,ILSVRC2012_val_00042316.JPEG,False,0,,,,,
real,ADM,ILSVRC2012_val_00033847.JPEG,False,0,,,,,
real,ADM,ILSVRC2012_val_00015544.JPEG,False,0,,,,,
real,ADM,ILSVRC2012_val_00032079.JPEG,False,0,,,,,
real,ADM,ILSVRC2012_val_00038756.JPEG,False,0,,,,,
real,ADM,ILSVRC2012_val_00035765.JPEG,False,0,,,,,
real,ADM,ILSVRC2012_val_00003378.JPEG,False,0,,,,,
real,ADM,ILSVRC2012_val_00000730.JPEG,False,0,,,,,
real,ADM,ILSVRC2012_val_00037538.JPEG,False,0,,,,,
real,ADM,ILSVRC2012_val_00037865.JPEG,False,0,,,,,
real,ADM,ILSVRC2012_val_00015646.JPEG,False,0,,,,,
real,ADM,ILSVRC2012_val_00022858.JPEG,False,0,,,,,
real,ADM,ILSVRC2012_val_00034022.JPEG,False,0,,,,,
real,ADM,ILSVRC2012_val_00040514.JPEG,False,0,,,,,
real,ADM,ILSVRC2012_val_00038653.JPEG,False,0,,,,,
real,ADM,ILSVRC2012_val_00044724.JPEG,False,0,,,,,
real,ADM,ILSVRC2012_val_00024686.JPEG,False,0,,,,,
real,ADM,ILSVRC2012_val_00005544.JPEG,False,0,,,,,
real,ADM,ILSVRC2012_val_00039520.JPEG,False,0,,,,,
real,ADM,ILSVRC2012_val_00046106.JPEG,False,0,,,,,
real,ADM,ILSVRC2012_val_00020839.JPEG,False,0,,,,,
real,ADM,ILSVRC2012_val_00004744.JPEG,False,0,,,,,
real,ADM,ILSVRC2012_val_00041663.JPEG,False,0,,,,,
real,ADM,ILSVRC2012_val_00043503.JPEG,False,0,,,,,
real,ADM,ILSVRC2012_val_00029148.JPEG,False,0,,,,,
real,ADM,ILSVRC2012_val_00019443.JPEG,False,0,,,,,
real,ADM,ILSVRC2012_val_00035472.JPEG,False,0,,,,,
real,ADM,ILSVRC2012_val_00036355.JPEG,False,0,,,,,
real,ADM,ILSVRC2012_val_00003755.JPEG,False,0,,,,,
real,ADM,ILSVRC2012_val_00003049.JPEG,False,0,,,,,
real,ADM,ILSVRC2012_val_00041800.JPEG,False,0,,,,,
real,ADM,ILSVRC2012_val_00044386.JPEG,False,0,,,,,
real,ADM,ILSVRC2012_val_00040762.JPEG,False,0,,,,,
real,ADM,ILSVRC2012_val_00047565.JPEG,False,0,,,,,
real,ADM,ILSVRC2012_val_00023807.JPEG,False,0,,,,,
real,ADM,ILSVRC2012_val_00042515.JPEG,False,0,,,,,
real,ADM,ILSVRC2012_val_00022834.JPEG,False,0,,,,,
real,ADM,ILSVRC2012_val_00018337.JPEG,False,0,,,,,
real,ADM,ILSVRC2012_val_00011208.JPEG,False,0,,,,,
real,ADM,ILSVRC2012_val_00018000.JPEG,False,0,,,,,
real,ADM,ILSVRC2012_val_00025600.JPEG,False,0,,,,,
real,ADM,ILSVRC2012_val_00046476.JPEG,False,0,,,,,
real,ADM,ILSVRC2012_val_00017207.JPEG,False,0,,,,,
real,ADM,ILSVRC2012_val_00002725.JPEG,False,0,,,,,
real,ADM,ILSVRC2012_val_00039786.JPEG,False,0,,,,,
real,ADM,ILSVRC2012_val_00027578.JPEG,False,0,,,,,
real,ADM,ILSVRC2012_val_00012849.JPEG,False,0,,,,,
real,ADM,ILSVRC2012_val_00047550.JPEG,False,0,,,,,
real,ADM,ILSVRC2012_val_00033757.JPEG,False,0,,,,,
real,ADM,ILSVRC2012_val_00038776.JPEG,False,0,,,,,
real,ADM,ILSVRC2012_val_00025717.JPEG,False,0,,,,,
real,ADM,ILSVRC2012_val_00045903.JPEG,False,0,,,,,
real,ADM,ILSVRC2012_val_00046756.JPEG,False,0,,,,,
real,ADM,ILSVRC2012_val_00009721.JPEG,False,0,,,,,
real,ADM,ILSVRC2012_val_00005515.JPEG,False,0,,,,,
real,ADM,ILSVRC2012_val_00015352.JPEG,False,0,,,,,
real,ADM,ILSVRC2012_val_00024037.JPEG,False,0,,,,,
real,ADM,ILSVRC2012_val_00031941.JPEG,False,0,,,,,
real,ADM,ILSVRC2012_val_00013220.JPEG,False,0,,,,,
real,ADM,ILSVRC2012_val_00046264.JPEG,False,0,,,,,
real,ADM,ILSVRC2012_val_00029485.JPEG,False,0,,,,,
real,ADM,ILSVRC2012_val_00004018.JPEG,False,0,,,,,
real,ADM,ILSVRC2012_val_00006549.JPEG,False,0,,,,,
real,ADM,ILSVRC2012_val_00017455.JPEG,False,0,,,,,
real,ADM,ILSVRC2012_val_00012677.JPEG,False,0,,,,,
real,ADM,ILSVRC2012_val_00037927.JPEG,False,0,,,,,
real,ADM,ILSVRC2012_val_00033447.JPEG,False,0,,,,,
real,ADM,ILSVRC2012_val_00008565.JPEG,False,0,,,,,
real,ADM,ILSVRC2012_val_00011830.JPEG,False,0,,,,,
real,ADM,ILSVRC2012_val_00037103.JPEG,False,0,,,,,
real,ADM,ILSVRC2012_val_00042338.JPEG,False,0,,,,,
real,ADM,ILSVRC2012_val_00007190.JPEG,False,0,,,,,
real,ADM,ILSVRC2012_val_00009342.JPEG,False,0,,,,,
real,ADM,ILSVRC2012_val_00004595.JPEG,False,0,,,,,
real,ADM,ILSVRC2012_val_00001623.JPEG,False,0,,,,,
real,ADM,ILSVRC2012_val_00007784.JPEG,False,0,,,,,
real,ADM,ILSVRC2012_val_00025268.JPEG,False,0,,,,,
real,ADM,ILSVRC2012_val_00014730.JPEG,False,0,,,,,
real,ADM,ILSVRC2012_val_00019499.JPEG,False,0,,,,,
real,ADM,ILSVRC2012_val_00005356.JPEG,False,0,,,,,
real,ADM,ILSVRC2012_val_00031435.JPEG,False,0,,,,,
real,ADM,ILSVRC2012_val_00049635.JPEG,False,0,,,,,
real,ADM,ILSVRC2012_val_00037493.JPEG,False,0,,,,,
real,ADM,ILSVRC2012_val_00031882.JPEG,False,0,,,,,
real,ADM,ILSVRC2012_val_00002466.JPEG,False,0,,,,,
real,ADM,ILSVRC2012_val_00009212.JPEG,False,0,,,,,
real,ADM,ILSVRC2012_val_00021466.JPEG,False,0,,,,,
real,ADM,ILSVRC2012_val_00007829.JPEG,True,36,Canon,Canon PowerShot S230,QuickTime 6.3,2003:06:22 22:57:21,
real,ADM,ILSVRC2012_val_00023584.JPEG,False,0,,,,,
real,ADM,ILSVRC2012_val_00036518.JPEG,False,0,,,,,
real,ADM,ILSVRC2012_val_00016709.JPEG,False,0,,,,,
real,ADM,ILSVRC2012_val_00005989.JPEG,False,0,,,,,
real,ADM,ILSVRC2012_val_00034560.JPEG,False,0,,,,,
real,ADM,ILSVRC2012_val_00029898.JPEG,False,0,,,,,
real,ADM,ILSVRC2012_val_00002039.JPEG,False,0,,,,,
real,ADM,ILSVRC2012_val_00038907.JPEG,False,0,,,,,
real,ADM,ILSVRC2012_val_00028566.JPEG,False,0,,,,,
real,ADM,ILSVRC2012_val_00006006.JPEG,False,0,,,,,
real,ADM,ILSVRC2012_val_00001586.JPEG,False,0,,,,,
real,ADM,ILSVRC2012_val_00025956.JPEG,False,0,,,,,
real,ADM,ILSVRC2012_val_00020798.JPEG,False,0,,,,,
real,ADM,ILSVRC2012_val_00025892.JPEG,False,0,,,,,
real,ADM,ILSVRC2012_val_00017427.JPEG,False,0,,,,,
real,ADM,ILSVRC2012_val_00015135.JPEG,False,0,,,,,
real,ADM,ILSVRC2012_val_00008090.JPEG,False,0,,,,,
real,ADM,ILSVRC2012_val_00021884.JPEG,False,0,,,,,
real,ADM,ILSVRC2012_val_00038145.JPEG,False,0,,,,,
real,ADM,ILSVRC2012_val_00018363.JPEG,False,0,,,,,
real,ADM,ILSVRC2012_val_00001219.JPEG,False,0,,,,,
real,ADM,ILSVRC2012_val_00014570.JPEG,False,0,,,,,
real,ADM,ILSVRC2012_val_00037147.JPEG,False,0,,,,,
real,ADM,ILSVRC2012_val_00005601.JPEG,False,0,,,,,
real,ADM,ILSVRC2012_val_00033885.JPEG,False,0,,,,,
real,ADM,ILSVRC2012_val_00029309.JPEG,False,0,,,,,
real,ADM,ILSVRC2012_val_00024856.JPEG,False,0,,,,,
real,ADM,ILSVRC2012_val_00030682.JPEG,False,0,,,,,
real,ADM,ILSVRC2012_val_00037711.JPEG,False,0,,,,,
real,ADM,ILSVRC2012_val_00015172.JPEG,False,0,,,,,
real,ADM,ILSVRC2012_val_00004535.JPEG,False,0,,,,,
real,ADM,ILSVRC2012_val_00025604.JPEG,False,0,,,,,
real,ADM,ILSVRC2012_val_00012666.JPEG,False,0,,,,,
real,ADM,ILSVRC2012_val_00006350.JPEG,False,0,,,,,
real,ADM,ILSVRC2012_val_00013786.JPEG,False,0,,,,,
real,ADM,ILSVRC2012_val_00008399.JPEG,False,0,,,,,
real,ADM,ILSVRC2012_val_00004160.JPEG,False,0,,,,,
real,ADM,ILSVRC2012_val_00024195.JPEG,False,0,,,,,
real,ADM,ILSVRC2012_val_00021346.JPEG,False,0,,,,,
real,ADM,ILSVRC2012_val_00011154.JPEG,False,0,,,,,
real,ADM,ILSVRC2012_val_00047706.JPEG,False,0,,,,,
real,ADM,ILSVRC2012_val_00033640.JPEG,False,0,,,,,
real,ADM,ILSVRC2012_val_00004695.JPEG,False,0,,,,,
real,ADM,ILSVRC2012_val_00040408.JPEG,False,0,,,,,
real,ADM,ILSVRC2012_val_00009153.JPEG,False,0,,,,,
real,ADM,ILSVRC2012_val_00000543.JPEG,False,0,,,,,
real,ADM,ILSVRC2012_val_00026705.JPEG,False,0,,,,,
real,ADM,ILSVRC2012_val_00034550.JPEG,False,0,,,,,
real,ADM,ILSVRC2012_val_00039649.JPEG,False,0,,,,,
real,ADM,ILSVRC2012_val_00024120.JPEG,False,0,,,,,
real,ADM,ILSVRC2012_val_00000093.JPEG,False,0,,,,,
real,ADM,ILSVRC2012_val_00016236.JPEG,False,0,,,,,
real,GLIDE,ILSVRC2012_val_00022666.JPEG,False,0,,,,,
real,GLIDE,ILSVRC2012_val_00011893.JPEG,False,0,,,,,
real,GLIDE,ILSVRC2012_val_00014799.JPEG,False,0,,,,,
real,GLIDE,ILSVRC2012_val_00009494.JPEG,False,0,,,,,
real,GLIDE,ILSVRC2012_val_00023441.JPEG,False,0,,,,,
real,GLIDE,ILSVRC2012_val_00014978.JPEG,False,0,,,,,
real,GLIDE,ILSVRC2012_val_00020620.JPEG,False,0,,,,,
real,GLIDE,ILSVRC2012_val_00027346.JPEG,False,0,,,,,
real,GLIDE,ILSVRC2012_val_00019189.JPEG,False,0,,,,,
real,GLIDE,ILSVRC2012_val_00013858.JPEG,False,0,,,,,
real,GLIDE,ILSVRC2012_val_00019750.JPEG,False,0,,,,,
real,GLIDE,ILSVRC2012_val_00034381.JPEG,False,0,,,,,
real,GLIDE,ILSVRC2012_val_00038792.JPEG,True,10,,,Adobe Photoshop CS4 Windows,2009:12:25 16:41:32,
real,GLIDE,ILSVRC2012_val_00011150.JPEG,False,0,,,,,
real,GLIDE,ILSVRC2012_val_00013888.JPEG,False,0,,,,,
real,GLIDE,ILSVRC2012_val_00025973.JPEG,True,28,Canon,Canon PowerShot SD1100 IS,Adobe Photoshop CS3 Macintosh,2009:09:18 08:46:08,
real,GLIDE,ILSVRC2012_val_00021540.JPEG,False,0,,,,,
real,GLIDE,ILSVRC2012_val_00019021.JPEG,False,0,,,,,
real,GLIDE,ILSVRC2012_val_00047110.JPEG,False,0,,,,,
real,GLIDE,ILSVRC2012_val_00046956.JPEG,False,0,,,,,
real,GLIDE,ILSVRC2012_val_00038820.JPEG,False,0,,,,,
real,GLIDE,ILSVRC2012_val_00039815.JPEG,False,0,,,,,
real,GLIDE,ILSVRC2012_val_00028855.JPEG,False,0,,,,,
real,GLIDE,ILSVRC2012_val_00026261.JPEG,False,0,,,,,
real,GLIDE,ILSVRC2012_val_00008483.JPEG,False,0,,,,,
real,GLIDE,ILSVRC2012_val_00049219.JPEG,False,0,,,,,
real,GLIDE,ILSVRC2012_val_00003669.JPEG,False,0,,,,,
real,GLIDE,ILSVRC2012_val_00038937.JPEG,False,0,,,,,
real,GLIDE,ILSVRC2012_val_00028023.JPEG,False,0,,,,,
real,GLIDE,ILSVRC2012_val_00048357.JPEG,False,0,,,,,
real,GLIDE,ILSVRC2012_val_00014251.JPEG,False,0,,,,,
real,GLIDE,ILSVRC2012_val_00020158.JPEG,False,0,,,,,
real,GLIDE,ILSVRC2012_val_00019434.JPEG,True,2,,,,,
real,GLIDE,ILSVRC2012_val_00020529.JPEG,False,0,,,,,
real,GLIDE,ILSVRC2012_val_00004645.JPEG,False,0,,,,,
real,GLIDE,ILSVRC2012_val_00015596.JPEG,False,0,,,,,
real,GLIDE,ILSVRC2012_val_00012909.JPEG,False,0,,,,,
real,GLIDE,ILSVRC2012_val_00024434.JPEG,False,0,,,,,
real,GLIDE,ILSVRC2012_val_00029295.JPEG,False,0,,,,,
real,GLIDE,ILSVRC2012_val_00048808.JPEG,False,0,,,,,
real,GLIDE,ILSVRC2012_val_00014707.JPEG,False,0,,,,,
real,GLIDE,ILSVRC2012_val_00049011.JPEG,False,0,,,,,
real,GLIDE,ILSVRC2012_val_00038476.JPEG,False,0,,,,,
real,GLIDE,ILSVRC2012_val_00017225.JPEG,False,0,,,,,
real,GLIDE,ILSVRC2012_val_00027844.JPEG,False,0,,,,,
real,GLIDE,ILSVRC2012_val_00046940.JPEG,False,0,,,,,
real,GLIDE,ILSVRC2012_val_00035339.JPEG,False,0,,,,,
real,GLIDE,ILSVRC2012_val_00035466.JPEG,False,0,,,,,
real,GLIDE,ILSVRC2012_val_00017775.JPEG,False,0,,,,,
real,GLIDE,ILSVRC2012_val_00003344.JPEG,False,0,,,,,
real,GLIDE,ILSVRC2012_val_00012748.JPEG,False,0,,,,,
real,GLIDE,ILSVRC2012_val_00048017.JPEG,False,0,,,,,
real,GLIDE,ILSVRC2012_val_00044598.JPEG,False,0,,,,,
real,GLIDE,ILSVRC2012_val_00023026.JPEG,False,0,,,,,
real,GLIDE,ILSVRC2012_val_00005370.JPEG,False,0,,,,,
real,GLIDE,ILSVRC2012_val_00048149.JPEG,False,0,,,,,
real,GLIDE,ILSVRC2012_val_00023926.JPEG,False,0,,,,,
real,GLIDE,ILSVRC2012_val_00022647.JPEG,False,0,,,,,
real,GLIDE,ILSVRC2012_val_00026865.JPEG,False,0,,,,,
real,GLIDE,ILSVRC2012_val_00037722.JPEG,False,0,,,,,
real,GLIDE,ILSVRC2012_val_00021738.JPEG,False,0,,,,,
real,GLIDE,ILSVRC2012_val_00029957.JPEG,False,0,,,,,
real,GLIDE,ILSVRC2012_val_00028481.JPEG,False,0,,,,,
real,GLIDE,ILSVRC2012_val_00042906.JPEG,False,0,,,,,
real,GLIDE,ILSVRC2012_val_00009901.JPEG,False,0,,,,,
real,GLIDE,ILSVRC2012_val_00043079.JPEG,False,0,,,,,
real,GLIDE,ILSVRC2012_val_00001391.JPEG,False,0,,,,,
real,GLIDE,ILSVRC2012_val_00041694.JPEG,False,0,,,,,
real,GLIDE,ILSVRC2012_val_00030783.JPEG,False,0,,,,,
real,GLIDE,ILSVRC2012_val_00031802.JPEG,False,0,,,,,
real,GLIDE,ILSVRC2012_val_00040169.JPEG,False,0,,,,,
real,GLIDE,ILSVRC2012_val_00045497.JPEG,False,0,,,,,
real,GLIDE,ILSVRC2012_val_00040157.JPEG,False,0,,,,,
real,GLIDE,ILSVRC2012_val_00039732.JPEG,False,0,,,,,
real,GLIDE,ILSVRC2012_val_00034438.JPEG,False,0,,,,,
real,GLIDE,ILSVRC2012_val_00015767.JPEG,False,0,,,,,
real,GLIDE,ILSVRC2012_val_00029707.JPEG,False,0,,,,,
real,GLIDE,ILSVRC2012_val_00019412.JPEG,False,0,,,,,
real,GLIDE,ILSVRC2012_val_00004847.JPEG,False,0,,,,,
real,GLIDE,ILSVRC2012_val_00037712.JPEG,False,0,,,,,
real,GLIDE,ILSVRC2012_val_00010791.JPEG,False,0,,,,,
real,GLIDE,ILSVRC2012_val_00006192.JPEG,False,0,,,,,
real,GLIDE,ILSVRC2012_val_00022540.JPEG,False,0,,,,,
real,GLIDE,ILSVRC2012_val_00030390.JPEG,False,0,,,,,
real,GLIDE,ILSVRC2012_val_00044420.JPEG,False,0,,,,,
real,GLIDE,ILSVRC2012_val_00011346.JPEG,True,41,Canon,Canon PowerShot G9,,2010:01:15 00:23:22,
real,GLIDE,ILSVRC2012_val_00002630.JPEG,False,0,,,,,
real,GLIDE,ILSVRC2012_val_00028412.JPEG,False,0,,,,,
real,GLIDE,ILSVRC2012_val_00027136.JPEG,False,0,,,,,
real,GLIDE,ILSVRC2012_val_00011842.JPEG,False,0,,,,,
real,GLIDE,ILSVRC2012_val_00028636.JPEG,True,2,,,,,
real,GLIDE,ILSVRC2012_val_00036093.JPEG,False,0,,,,,
real,GLIDE,ILSVRC2012_val_00005141.JPEG,False,0,,,,,
real,GLIDE,ILSVRC2012_val_00035432.JPEG,False,0,,,,,
real,GLIDE,ILSVRC2012_val_00019862.JPEG,True,30,TOSHIBA,PDRM5  ,Digital Camera PDRM5  Ver2.06,2000:08:13 14:21:30,
real,GLIDE,ILSVRC2012_val_00024054.JPEG,False,0,,,,,
real,GLIDE,ILSVRC2012_val_00017540.JPEG,False,0,,,,,
real,GLIDE,ILSVRC2012_val_00016873.JPEG,False,0,,,,,
real,GLIDE,ILSVRC2012_val_00030582.JPEG,False,0,,,,,
real,GLIDE,ILSVRC2012_val_00002843.JPEG,False,0,,,,,
real,GLIDE,ILSVRC2012_val_00040712.JPEG,False,0,,,,,
real,GLIDE,ILSVRC2012_val_00016490.JPEG,False,0,,,,,
real,GLIDE,ILSVRC2012_val_00019088.JPEG,False,0,,,,,
real,GLIDE,ILSVRC2012_val_00043686.JPEG,False,0,,,,,
real,GLIDE,ILSVRC2012_val_00014161.JPEG,False,0,,,,,
real,GLIDE,ILSVRC2012_val_00000392.JPEG,False,0,,,,,
real,GLIDE,ILSVRC2012_val_00010425.JPEG,False,0,,,,,
real,GLIDE,ILSVRC2012_val_00003150.JPEG,False,0,,,,,
real,GLIDE,ILSVRC2012_val_00027703.JPEG,False,0,,,,,
real,GLIDE,ILSVRC2012_val_00009235.JPEG,False,0,,,,,
real,GLIDE,ILSVRC2012_val_00015913.JPEG,False,0,,,,,
real,GLIDE,ILSVRC2012_val_00006723.JPEG,False,0,,,,,
real,GLIDE,ILSVRC2012_val_00022888.JPEG,False,0,,,,,
real,GLIDE,ILSVRC2012_val_00037931.JPEG,False,0,,,,,
real,GLIDE,ILSVRC2012_val_00004585.JPEG,False,0,,,,,
real,GLIDE,ILSVRC2012_val_00049124.JPEG,False,0,,,,,
real,GLIDE,ILSVRC2012_val_00047167.JPEG,False,0,,,,,
real,GLIDE,ILSVRC2012_val_00046479.JPEG,False,0,,,,,
real,GLIDE,ILSVRC2012_val_00035839.JPEG,False,0,,,,,
real,GLIDE,ILSVRC2012_val_00038516.JPEG,False,0,,,,,
real,GLIDE,ILSVRC2012_val_00015804.JPEG,False,0,,,,,
real,GLIDE,ILSVRC2012_val_00036988.JPEG,False,0,,,,,
real,GLIDE,ILSVRC2012_val_00014618.JPEG,False,0,,,,,
real,GLIDE,ILSVRC2012_val_00040470.JPEG,False,0,,,,,
real,GLIDE,ILSVRC2012_val_00011736.JPEG,False,0,,,,,
real,GLIDE,ILSVRC2012_val_00006268.JPEG,False,0,,,,,
real,GLIDE,ILSVRC2012_val_00041848.JPEG,False,0,,,,,
real,GLIDE,ILSVRC2012_val_00004050.JPEG,False,0,,,,,
real,GLIDE,ILSVRC2012_val_00039012.JPEG,False,0,,,,,
real,GLIDE,ILSVRC2012_val_00023341.JPEG,False,0,,,,,
real,GLIDE,ILSVRC2012_val_00006381.JPEG,False,0,,,,,
real,GLIDE,ILSVRC2012_val_00045226.JPEG,False,0,,,,,
real,GLIDE,ILSVRC2012_val_00048123.JPEG,False,0,,,,,
real,GLIDE,ILSVRC2012_val_00027636.JPEG,False,0,,,,,
real,GLIDE,ILSVRC2012_val_00031475.JPEG,False,0,,,,,
real,GLIDE,ILSVRC2012_val_00030939.JPEG,False,0,,,,,
real,GLIDE,ILSVRC2012_val_00006280.JPEG,False,0,,,,,
real,GLIDE,ILSVRC2012_val_00006533.JPEG,False,0,,,,,
real,GLIDE,ILSVRC2012_val_00000629.JPEG,True,10,,,Adobe Photoshop CS Windows,2007:08:22 10:34:24,
real,GLIDE,ILSVRC2012_val_00019768.JPEG,False,0,,,,,
real,GLIDE,ILSVRC2012_val_00010401.JPEG,False,0,,,,,
real,GLIDE,ILSVRC2012_val_00013507.JPEG,False,0,,,,,
real,GLIDE,ILSVRC2012_val_00001491.JPEG,False,0,,,,,
real,GLIDE,ILSVRC2012_val_00012814.JPEG,False,0,,,,,
real,GLIDE,ILSVRC2012_val_00040240.JPEG,False,0,,,,,
real,GLIDE,ILSVRC2012_val_00033941.JPEG,False,0,,,,,
real,GLIDE,ILSVRC2012_val_00026025.JPEG,False,0,,,,,
real,GLIDE,ILSVRC2012_val_00015099.JPEG,False,0,,,,,
real,GLIDE,ILSVRC2012_val_00000800.JPEG,False,0,,,,,
real,GLIDE,ILSVRC2012_val_00039379.JPEG,False,0,,,,,
real,GLIDE,ILSVRC2012_val_00030697.JPEG,False,0,,,,,
real,GLIDE,ILSVRC2012_val_00036612.JPEG,False,0,,,,,
real,GLIDE,ILSVRC2012_val_00017820.JPEG,False,0,,,,,
real,GLIDE,ILSVRC2012_val_00009936.JPEG,False,0,,,,,
real,GLIDE,ILSVRC2012_val_00000857.JPEG,False,0,,,,,
real,GLIDE,ILSVRC2012_val_00009502.JPEG,False,0,,,,,
real,GLIDE,ILSVRC2012_val_00025712.JPEG,False,0,,,,,
real,GLIDE,ILSVRC2012_val_00005138.JPEG,False,0,,,,,
real,GLIDE,ILSVRC2012_val_00019814.JPEG,False,0,,,,,
real,GLIDE,ILSVRC2012_val_00031923.JPEG,False,0,,,,,
real,GLIDE,ILSVRC2012_val_00046272.JPEG,False,0,,,,,
real,GLIDE,ILSVRC2012_val_00019821.JPEG,False,0,,,,,
real,GLIDE,ILSVRC2012_val_00043485.JPEG,False,0,,,,,
real,GLIDE,ILSVRC2012_val_00045666.JPEG,False,0,,,,,
real,GLIDE,ILSVRC2012_val_00020844.JPEG,False,0,,,,,
real,GLIDE,ILSVRC2012_val_00028999.JPEG,False,0,,,,,
real,GLIDE,ILSVRC2012_val_00020732.JPEG,False,0,,,,,
real,GLIDE,ILSVRC2012_val_00005479.JPEG,False,0,,,,,
real,GLIDE,ILSVRC2012_val_00008398.JPEG,False,0,,,,,
real,GLIDE,ILSVRC2012_val_00044092.JPEG,True,47,NIKON CORPORATION,NIKON D200,Adobe Photoshop CS4 Windows,2009:09:11 14:57:50,
real,GLIDE,ILSVRC2012_val_00005359.JPEG,False,0,,,,,
real,GLIDE,ILSVRC2012_val_00014778.JPEG,False,0,,,,,
real,GLIDE,ILSVRC2012_val_00037215.JPEG,False,0,,,,,
real,GLIDE,ILSVRC2012_val_00015378.JPEG,False,0,,,,,
real,GLIDE,ILSVRC2012_val_00011127.JPEG,False,0,,,,,
real,GLIDE,ILSVRC2012_val_00020810.JPEG,False,0,,,,,
real,GLIDE,ILSVRC2012_val_00024035.JPEG,False,0,,,,,
real,GLIDE,ILSVRC2012_val_00033458.JPEG,False,0,,,,,
real,GLIDE,ILSVRC2012_val_00011527.JPEG,False,0,,,,,
real,GLIDE,ILSVRC2012_val_00002001.JPEG,False,0,,,,,
real,GLIDE,ILSVRC2012_val_00049701.JPEG,False,0,,,,,
real,GLIDE,ILSVRC2012_val_00002035.JPEG,False,0,,,,,
real,GLIDE,ILSVRC2012_val_00028505.JPEG,False,0,,,,,
real,GLIDE,ILSVRC2012_val_00008850.JPEG,False,0,,,,,
real,GLIDE,ILSVRC2012_val_00012195.JPEG,False,0,,,,,
real,GLIDE,ILSVRC2012_val_00044897.JPEG,False,0,,,,,
real,GLIDE,ILSVRC2012_val_00049775.JPEG,False,0,,,,,
real,GLIDE,ILSVRC2012_val_00029516.JPEG,False,0,,,,,
real,GLIDE,ILSVRC2012_val_00032843.JPEG,False,0,,,,,
real,GLIDE,ILSVRC2012_val_00014037.JPEG,False,0,,,,,
real,GLIDE,ILSVRC2012_val_00003242.JPEG,False,0,,,,,
real,GLIDE,ILSVRC2012_val_00037629.JPEG,False,0,,,,,
real,GLIDE,ILSVRC2012_val_00012685.JPEG,False,0,,,,,
real,GLIDE,ILSVRC2012_val_00049300.JPEG,False,0,,,,,
real,GLIDE,ILSVRC2012_val_00009428.JPEG,False,0,,,,,
real,GLIDE,ILSVRC2012_val_00035600.JPEG,False,0,,,,,
real,GLIDE,ILSVRC2012_val_00015849.JPEG,False,0,,,,,
real,GLIDE,ILSVRC2012_val_00024217.JPEG,False,0,,,,,
real,GLIDE,ILSVRC2012_val_00029717.JPEG,False,0,,,,,
real,GLIDE,ILSVRC2012_val_00043105.JPEG,False,0,,,,,
real,GLIDE,ILSVRC2012_val_00033288.JPEG,False,0,,,,,
real,GLIDE,ILSVRC2012_val_00037081.JPEG,False,0,,,,,
real,GLIDE,ILSVRC2012_val_00038794.JPEG,False,0,,,,,
real,GLIDE,ILSVRC2012_val_00043192.JPEG,False,0,,,,,
real,GLIDE,ILSVRC2012_val_00028622.JPEG,False,0,,,,,
real,GLIDE,ILSVRC2012_val_00018400.JPEG,False,0,,,,,
real,GLIDE,ILSVRC2012_val_00043502.JPEG,False,0,,,,,
real,GLIDE,ILSVRC2012_val_00020550.JPEG,False,0,,,,,
real,GLIDE,ILSVRC2012_val_00019846.JPEG,False,0,,,,,
real,GLIDE,ILSVRC2012_val_00020481.JPEG,False,0,,,,,
real,GLIDE,ILSVRC2012_val_00019179.JPEG,False,0,,,,,
real,GLIDE,ILSVRC2012_val_00041251.JPEG,False,0,,,,,
real,GLIDE,ILSVRC2012_val_00020870.JPEG,False,0,,,,,
real,GLIDE,ILSVRC2012_val_00031501.JPEG,False,0,,,,,
real,GLIDE,ILSVRC2012_val_00013094.JPEG,False,0,,,,,
real,GLIDE,ILSVRC2012_val_00046713.JPEG,False,0,,,,,
real,GLIDE,ILSVRC2012_val_00033933.JPEG,False,0,,,,,
real,GLIDE,ILSVRC2012_val_00008580.JPEG,False,0,,,,,
real,GLIDE,ILSVRC2012_val_00042375.JPEG,False,0,,,,,
real,GLIDE,ILSVRC2012_val_00010743.JPEG,False,0,,,,,
real,GLIDE,ILSVRC2012_val_00009857.JPEG,False,0,,,,,
real,GLIDE,ILSVRC2012_val_00044472.JPEG,False,0,,,,,
real,GLIDE,ILSVRC2012_val_00039401.JPEG,False,0,,,,,
real,GLIDE,ILSVRC2012_val_00043824.JPEG,False,0,,,,,
real,GLIDE,ILSVRC2012_val_00039577.JPEG,False,0,,,,,
real,GLIDE,ILSVRC2012_val_00025575.JPEG,False,0,,,,,
real,GLIDE,ILSVRC2012_val_00043269.JPEG,False,0,,,,,
real,GLIDE,ILSVRC2012_val_00016238.JPEG,False,0,,,,,
real,GLIDE,ILSVRC2012_val_00036573.JPEG,False,0,,,,,
real,GLIDE,ILSVRC2012_val_00036211.JPEG,False,0,,,,,
real,GLIDE,ILSVRC2012_val_00037003.JPEG,False,0,,,,,
real,GLIDE,ILSVRC2012_val_00019630.JPEG,False,0,,,,,
real,GLIDE,ILSVRC2012_val_00040768.JPEG,False,0,,,,,
real,GLIDE,ILSVRC2012_val_00013614.JPEG,False,0,,,,,
real,GLIDE,ILSVRC2012_val_00037395.JPEG,False,0,,,,,
real,GLIDE,ILSVRC2012_val_00042001.JPEG,False,0,,,,,
real,GLIDE,ILSVRC2012_val_00012354.JPEG,False,0,,,,,
real,GLIDE,ILSVRC2012_val_00005331.JPEG,False,0,,,,,
real,GLIDE,ILSVRC2012_val_00028554.JPEG,False,0,,,,,
real,GLIDE,ILSVRC2012_val_00029145.JPEG,False,0,,,,,
real,GLIDE,ILSVRC2012_val_00044960.JPEG,False,0,,,,,
real,GLIDE,ILSVRC2012_val_00003538.JPEG,False,0,,,,,
real,GLIDE,ILSVRC2012_val_00016969.JPEG,False,0,,,,,
real,GLIDE,ILSVRC2012_val_00039233.JPEG,False,0,,,,,
real,GLIDE,ILSVRC2012_val_00043612.JPEG,False,0,,,,,
real,GLIDE,ILSVRC2012_val_00016494.JPEG,False,0,,,,,
real,GLIDE,ILSVRC2012_val_00003132.JPEG,False,0,,,,,
real,GLIDE,ILSVRC2012_val_00041841.JPEG,False,0,,,,,
real,GLIDE,ILSVRC2012_val_00040129.JPEG,False,0,,,,,
real,GLIDE,ILSVRC2012_val_00022585.JPEG,False,0,,,,,
real,GLIDE,ILSVRC2012_val_00019810.JPEG,False,0,,,,,
real,GLIDE,ILSVRC2012_val_00034627.JPEG,False,0,,,,,
real,GLIDE,ILSVRC2012_val_00028374.JPEG,False,0,,,,,
real,GLIDE,ILSVRC2012_val_00043927.JPEG,False,0,,,,,
real,GLIDE,ILSVRC2012_val_00014354.JPEG,False,0,,,,,
real,GLIDE,ILSVRC2012_val_00029831.JPEG,False,0,,,,,
real,GLIDE,ILSVRC2012_val_00014082.JPEG,False,0,,,,,
real,GLIDE,ILSVRC2012_val_00024031.JPEG,False,0,,,,,
real,GLIDE,ILSVRC2012_val_00041142.JPEG,False,0,,,,,
real,GLIDE,ILSVRC2012_val_00041677.JPEG,False,0,,,,,
real,GLIDE,ILSVRC2012_val_00015025.JPEG,False,0,,,,,
real,GLIDE,ILSVRC2012_val_00035182.JPEG,False,0,,,,,
real,GLIDE,ILSVRC2012_val_00031420.JPEG,False,0,,,,,
real,GLIDE,ILSVRC2012_val_00021608.JPEG,False,0,,,,,
real,GLIDE,ILSVRC2012_val_00017739.JPEG,False,0,,,,,
real,GLIDE,ILSVRC2012_val_00031145.JPEG,False,0,,,,,
real,GLIDE,ILSVRC2012_val_00047477.JPEG,False,0,,,,,
real,GLIDE,ILSVRC2012_val_00042915.JPEG,False,0,,,,,
real,GLIDE,ILSVRC2012_val_00019352.JPEG,False,0,,,,,
real,GLIDE,ILSVRC2012_val_00005514.JPEG,False,0,,,,,
real,GLIDE,ILSVRC2012_val_00022281.JPEG,False,0,,,,,
real,GLIDE,ILSVRC2012_val_00017284.JPEG,False,0,,,,,
real,GLIDE,ILSVRC2012_val_00024536.JPEG,False,0,,,,,
real,GLIDE,ILSVRC2012_val_00027143.JPEG,False,0,,,,,
real,GLIDE,ILSVRC2012_val_00008036.JPEG,False,0,,,,,
real,GLIDE,ILSVRC2012_val_00018542.JPEG,False,0,,,,,
real,GLIDE,ILSVRC2012_val_00037940.JPEG,False,0,,,,,
real,GLIDE,ILSVRC2012_val_00003104.JPEG,False,0,,,,,
real,GLIDE,ILSVRC2012_val_00034939.JPEG,False,0,,,,,
real,GLIDE,ILSVRC2012_val_00012384.JPEG,False,0,,,,,
real,GLIDE,ILSVRC2012_val_00002602.JPEG,False,0,,,,,
real,GLIDE,ILSVRC2012_val_00012502.JPEG,True,45,EASTMAN KODAK COMPANY,KODAK Z700 ZOOM DIGITAL CAMERA,,,
real,GLIDE,ILSVRC2012_val_00019391.JPEG,False,0,,,,,
real,GLIDE,ILSVRC2012_val_00046231.JPEG,False,0,,,,,
real,GLIDE,ILSVRC2012_val_00020454.JPEG,False,0,,,,,
real,GLIDE,ILSVRC2012_val_00010286.JPEG,False,0,,,,,
real,GLIDE,ILSVRC2012_val_00027664.JPEG,False,0,,,,,
real,GLIDE,ILSVRC2012_val_00007836.JPEG,False,0,,,,,
real,GLIDE,ILSVRC2012_val_00018800.JPEG,False,0,,,,,
real,GLIDE,ILSVRC2012_val_00042131.JPEG,False,0,,,,,
real,GLIDE,ILSVRC2012_val_00045043.JPEG,False,0,,,,,
real,GLIDE,ILSVRC2012_val_00039235.JPEG,False,0,,,,,
real,GLIDE,ILSVRC2012_val_00008243.JPEG,True,10,,,ACD Systems Digital Imaging,2009:03:13 18:58:39,
real,GLIDE,ILSVRC2012_val_00044338.JPEG,False,0,,,,,
real,GLIDE,ILSVRC2012_val_00008816.JPEG,False,0,,,,,
real,GLIDE,ILSVRC2012_val_00014992.JPEG,False,0,,,,,
real,GLIDE,ILSVRC2012_val_00045370.JPEG,False,0,,,,,
real,GLIDE,ILSVRC2012_val_00003181.JPEG,False,0,,,,,
real,GLIDE,ILSVRC2012_val_00017546.JPEG,False,0,,,,,
real,GLIDE,ILSVRC2012_val_00029405.JPEG,False,0,,,,,
real,Midjourney,n04127249_10039.JPEG,False,0,,,,,
real,Midjourney,n04540053_9367.JPEG,False,0,,,,,
real,Midjourney,n02101388_10014.JPEG,False,0,,,,,
real,Midjourney,n01829413_7753.JPEG,False,0,,,,,
real,Midjourney,n03657121_11838.JPEG,False,0,,,,,
real,Midjourney,n02974003_605.JPEG,False,0,,,,,
real,Midjourney,n03796401_13349.JPEG,False,0,,,,,
real,Midjourney,n01697457_4553.JPEG,False,0,,,,,
real,Midjourney,n02346627_8176.JPEG,False,0,,,,,
real,Midjourney,n01614925_1868.JPEG,False,0,,,,,
real,Midjourney,n03649909_5420.JPEG,False,0,,,,,
real,Midjourney,n01990800_4710.JPEG,False,0,,,,,
real,Midjourney,n04487394_25074.JPEG,False,0,,,,,
real,Midjourney,n04266014_14257.JPEG,False,0,,,,,
real,Midjourney,n04141076_38469.JPEG,False,0,,,,,
real,Midjourney,n02100735_147.JPEG,False,0,,,,,
real,Midjourney,n03598930_2497.JPEG,False,0,,,,,
real,Midjourney,n02492660_4684.JPEG,False,0,,,,,
real,Midjourney,n02788148_1191.JPEG,False,0,,,,,
real,Midjourney,n02092002_10018.JPEG,False,0,,,,,
real,Midjourney,n02106166_10409.JPEG,False,0,,,,,
real,Midjourney,n01688243_5828.JPEG,False,0,,,,,
real,Midjourney,n04208210_2028.JPEG,False,0,,,,,
real,Midjourney,n02086079_10887.JPEG,False,0,,,,,
real,Midjourney,n03733805_4725.JPEG,False,0,,,,,
real,Midjourney,n01685808_7102.JPEG,True,10,,,Adobe Photoshop 7.0,2004:01:29 23:00:08,
real,Midjourney,n04286575_4550.JPEG,False,0,,,,,
real,Midjourney,n02814860_953.JPEG,False,0,,,,,
real,Midjourney,n02509815_1467.JPEG,False,0,,,,,
real,Midjourney,n03089624_11425.JPEG,False,0,,,,,
real,Midjourney,n02317335_31911.JPEG,False,0,,,,,
real,Midjourney,n03000134_2466.JPEG,False,0,,,,,
real,Midjourney,n06874185_14176.JPEG,True,5,,,picnik.com,,
real,Midjourney,n01484850_13787.JPEG,False,0,,,,,
real,Midjourney,n02037110_473.JPEG,False,0,,,,,
real,Midjourney,n01491361_3516.JPEG,False,0,,,,,
real,Midjourney,n04346328_12962.JPEG,False,0,,,,,
real,Midjourney,n01819313_3272.JPEG,True,33,Canon,Canon EOS 5D,Adobe Photoshop CS2 Windows,2006:08:09 17:16:46,
real,Midjourney,n03796401_3042.JPEG,False,0,,,,,
real,Midjourney,n04532106_2526.JPEG,False,0,,,,,
real,Midjourney,n02114712_13489.JPEG,False,0,,,,,
real,Midjourney,n04591157_3509.JPEG,False,0,,,,,
real,Midjourney,n01944390_12766.JPEG,False,0,,,,,
real,Midjourney,n04372370_42619.JPEG,False,0,,,,,
real,Midjourney,n04141076_48440.JPEG,False,0,,,,,
real,Midjourney,n04120489_5403.JPEG,False,0,,,,,
real,Midjourney,n03661043_876.JPEG,False,0,,,,,
real,Midjourney,n07615774_30536.JPEG,False,0,,,,,
real,Midjourney,n03692522_19554.JPEG,False,0,,,,,
real,Midjourney,n02992211_9589.JPEG,False,0,,,,,
real,Midjourney,n04325704_8520.JPEG,False,0,,,,,
real,Midjourney,n02256656_8623.JPEG,False,0,,,,,
real,Midjourney,n02009912_16146.JPEG,False,0,,,,,
real,Midjourney,n01491361_694.JPEG,False,0,,,,,
real,Midjourney,n03461385_25105.JPEG,False,0,,,,,
real,Midjourney,n07248320_101018.JPEG,False,0,,,,,
real,Midjourney,n03018349_3078.JPEG,True,41,OLYMPUS IMAGING CORP.  ,"u750,S750       ",Adobe Photoshop CS Macintosh,2007:06:28 15:16:51,
real,Midjourney,n13037406_9440.JPEG,False,0,,,,,
real,Midjourney,n02981792_17391.JPEG,False,0,,,,,
real,Midjourney,n04429376_19048.JPEG,False,0,,,,,
real,Midjourney,n03775546_10461.JPEG,False,0,,,,,
real,Midjourney,n02870880_5484.JPEG,False,0,,,,,
real,Midjourney,n02992529_36622.JPEG,False,0,,,,,
real,Midjourney,n02027492_843.JPEG,False,0,,,,,
real,Midjourney,n01697457_11635.JPEG,False,0,,,,,
real,Midjourney,n01735189_11972.JPEG,False,0,,,,,
real,Midjourney,n04461696_8362.JPEG,False,0,,,,,
real,Midjourney,n01749939_8964.JPEG,False,0,,,,,
real,Midjourney,n13133613_23408.JPEG,False,0,,,,,
real,Midjourney,n07836838_3064.JPEG,False,0,,,,,
real,Midjourney,n02114367_10237.JPEG,False,0,,,,,
real,Midjourney,n07760859_4036.JPEG,False,0,,,,,
real,Midjourney,n01644373_1553.JPEG,False,0,,,,,
real,Midjourney,n03535780_43359.JPEG,False,0,,,,,
real,Midjourney,n03992509_321.JPEG,False,0,,,,,
real,Midjourney,n03868242_412.JPEG,True,41,RICOH      ,Caplio R3      ,Picasa 3.0,2007:09:20 11:51:50,
real,Midjourney,n01693334_4350.JPEG,False,0,,,,,
real,Midjourney,n02417914_1413.JPEG,False,0,,,,,
real,Midjourney,n02701002_14816.JPEG,False,0,,,,,
real,Midjourney,n01985128_1167.JPEG,False,0,,,,,
real,Midjourney,n04371430_5177.JPEG,False,0,,,,,
real,Midjourney,n02114367_20543.JPEG,False,0,,,,,
real,Midjourney,n07742313_5106.JPEG,False,0,,,,,
real,Midjourney,n01582220_8726.JPEG,False,0,,,,,
real,Midjourney,n04325704_183.JPEG,False,0,,,,,
real,Midjourney,n01855032_17994.JPEG,False,0,,,,,
real,Midjourney,n02444819_9259.JPEG,False,0,,,,,
real,Midjourney,n04023962_7353.JPEG,False,0,,,,,
real,Midjourney,n02011460_4001.JPEG,False,0,,,,,
real,Midjourney,n02099601_8521.JPEG,False,0,,,,,
real,Midjourney,n01924916_8062.JPEG,False,0,,,,,
real,Midjourney,n02749479_7890.JPEG,False,0,,,,,
real,Midjourney,n04591713_10629.JPEG,False,0,,,,,
real,Midjourney,n03947888_23689.JPEG,False,0,,,,,
real,Midjourney,n03042490_337.JPEG,False,0,,,,,
